"","[1]_A_67_651.txt","[10]_A_65_491.txt","[11]_A_65_576.txt","[12]_A_RES_65_259.txt","[13]_A_64_477.txt","[14]_A_64_7_Add.9.txt","[15]_A_RES_64_243.txt","[16]_A_63_743.txt","[17]_A_63_774.txt","[18]_A_RES_63_269.txt","[19]_A_62_793.txt","[2]_A_67_770.txt","[20]_A_62_793_Corr.1.txt","[21]_A_62_793_Add.1.txt","[22]_A_62_510_Rev.1.txt","[23]_A_62_477.txt","[24]_A_62_502.txt","[25]_A_63_487.txt","[26]_A_RES_63_262.txt","[27]_A_60_846_Add.1.txt","[28]_A_60_870.txt","[29]_A_RES_60_283.txt","[3]_A_C.5_67_L.23.txt","[4]_A_66_516.txt","[5]_A_66_7_Add.10.txt","[6]_A_RES_66_247.txt","[7]_A_66_94.txt","[8]_A_66_7_Add.1.txt","[9]_A_RES_66_246.txt"
"(b)",22,0,15,3,26,20,0,3,4,0,25,14,0,8,16,5,13,17,2,8,14,7,0,8,5,1,34,15,0
"(c)",16,0,10,2,23,15,0,3,3,0,21,13,0,8,12,2,11,8,2,7,9,4,0,6,3,1,33,13,0
"(d)",6,0,7,0,14,12,0,2,1,0,16,7,0,6,8,1,9,4,2,6,7,4,0,4,3,0,31,12,0
"(e)",5,0,5,0,10,8,0,2,1,0,13,5,1,6,9,1,8,5,2,5,3,2,2,3,4,0,26,5,0
"(f)",2,0,4,0,4,7,0,1,0,0,7,2,0,4,8,0,5,3,2,4,3,2,0,1,3,0,16,3,0
"(g)",2,0,1,0,1,3,0,1,0,0,4,1,0,2,6,0,4,2,2,3,1,2,0,1,0,0,8,1,0
"(see",10,0,17,0,4,17,0,2,8,0,14,26,0,2,4,2,0,42,0,5,24,0,0,3,4,0,19,53,0
"10.",1,0,2,5,1,1,1,1,1,1,3,1,0,1,2,2,1,1,3,1,2,1,5,2,1,2,1,1,1
"11.",1,0,2,5,1,1,1,1,1,1,3,1,0,1,2,2,1,1,2,1,2,1,5,2,1,1,1,1,1
"12.",1,0,2,5,1,1,1,1,1,1,3,1,0,1,2,2,1,1,2,1,2,1,5,2,1,1,1,1,1
"13.",1,0,2,5,1,1,1,1,1,1,3,1,0,1,1,2,1,1,2,1,1,1,5,2,1,0,1,1,1
"14.",1,0,2,3,1,1,1,1,1,1,2,1,0,1,1,2,1,1,2,1,1,1,5,2,1,0,1,1,1
"15.",1,0,2,3,1,1,1,1,1,1,2,1,0,1,1,2,1,1,2,1,1,0,4,2,1,0,1,1,1
"16.",1,0,2,3,1,1,1,1,1,0,2,2,0,1,1,2,1,1,2,1,1,0,4,2,1,0,1,1,1
"17.",1,0,2,2,1,1,1,1,1,0,2,1,0,1,1,2,1,1,2,1,1,0,4,2,1,0,1,1,1
"18.",1,0,2,1,1,1,1,1,1,0,2,1,0,1,1,2,1,1,2,1,1,0,3,2,1,0,1,1,1
"19.",1,0,2,0,1,1,1,1,1,0,2,1,0,1,1,2,1,1,2,1,1,0,3,2,1,1,1,1,1
"20.",1,0,2,0,1,1,1,1,1,0,2,1,0,1,1,2,1,1,2,1,1,0,2,2,1,0,1,1,1
"2008,",1,0,1,4,1,1,4,6,2,1,2,1,0,0,1,2,0,3,1,0,2,0,2,0,0,2,2,0,2
"2009",0,0,5,2,2,10,5,16,6,3,2,0,0,6,17,8,0,10,5,0,0,0,1,3,0,2,0,4,1
"2010",3,0,7,8,1,7,3,6,2,1,0,2,0,0,4,7,0,5,0,0,2,0,2,2,1,0,1,4,0
"21.",1,0,2,0,1,1,1,1,1,0,2,1,0,1,1,2,1,1,2,1,1,0,1,2,1,0,1,1,1
"22.",1,0,2,0,1,1,1,1,0,0,2,1,0,1,1,2,1,1,2,1,2,0,0,2,1,0,1,1,1
"23.",1,0,2,0,1,1,1,1,0,0,2,1,0,1,1,2,1,1,2,1,1,0,0,2,1,0,1,1,1
"24.",1,0,1,0,1,1,1,1,0,0,2,1,0,1,1,2,1,1,1,1,1,0,0,2,1,0,1,1,1
"25.",1,0,1,0,1,1,1,1,0,0,2,1,0,1,1,1,1,1,1,1,1,0,0,2,1,0,1,1,1
"26.",1,0,1,0,1,1,1,1,0,0,2,1,0,1,1,1,1,1,1,1,1,0,0,2,1,0,1,1,1
"27.",1,0,1,0,1,1,1,1,0,0,2,1,0,1,1,1,1,1,0,1,1,0,0,2,1,0,1,1,1
"28.",1,0,1,0,1,1,1,1,0,0,2,1,0,1,1,1,0,1,0,1,1,0,0,2,1,0,1,1,1
"29.",1,0,1,0,2,1,1,1,0,0,2,1,0,1,1,1,0,1,0,1,1,0,0,2,1,0,1,1,1
"30.",1,0,1,0,1,1,1,1,0,0,2,1,0,1,1,1,0,1,0,1,1,1,0,2,1,0,1,1,1
"31.",1,0,1,0,1,1,1,1,0,0,2,1,0,1,1,1,0,1,0,1,1,0,0,2,1,0,1,1,1
"32.",1,0,1,0,1,1,1,1,0,0,2,1,0,1,1,1,0,1,0,1,1,0,0,2,1,0,1,1,1
"33.",1,0,1,0,1,1,1,1,0,0,2,1,0,1,1,1,0,1,0,1,1,0,0,2,0,0,1,1,1
"34.",1,0,1,0,1,1,1,1,0,0,2,1,0,1,1,1,0,1,0,1,1,0,0,2,0,0,1,1,1
"35.",1,0,1,0,1,1,1,1,0,0,2,1,0,1,1,1,0,1,0,1,2,0,0,2,0,0,1,1,1
"36.",1,0,1,0,2,1,1,1,0,0,2,1,0,2,1,1,0,1,0,1,1,0,0,2,0,0,1,1,1
"37.",1,0,1,0,1,1,1,1,0,0,1,1,0,1,1,1,0,1,0,1,1,0,0,2,0,0,1,1,1
"38.",1,0,1,0,1,1,1,1,0,0,1,1,0,1,1,1,0,1,0,1,2,0,0,2,0,0,1,1,1
"abl",1,0,5,0,1,5,0,0,3,0,3,1,0,1,2,3,1,1,0,1,2,0,1,1,1,0,12,3,0
"access",3,0,8,1,21,2,1,1,4,0,38,0,0,1,11,34,0,7,0,6,26,4,0,3,1,0,29,5,0
"accord",3,0,5,3,4,9,6,1,3,1,7,0,0,0,5,1,2,4,2,1,7,4,1,5,3,2,13,9,4
"account",27,0,43,14,9,42,14,2,4,1,20,24,1,5,38,23,3,48,23,15,69,14,10,20,9,10,26,33,24
"achiev",15,0,9,2,7,3,5,2,0,1,20,9,1,1,13,3,5,6,3,5,2,1,0,3,0,0,30,8,1
"across",44,0,38,0,33,8,0,0,2,0,23,19,0,3,8,4,5,9,3,5,3,0,0,1,1,0,57,26,0
"action",2,0,2,0,5,1,3,2,2,0,4,24,0,2,5,11,1,17,0,7,19,3,7,7,6,0,8,6,2
"activ",24,0,51,5,31,43,8,2,3,0,27,17,0,11,36,39,10,50,7,9,10,3,5,7,5,0,64,62,11
"activities,",3,0,5,0,3,4,0,0,0,0,11,5,1,3,4,0,1,3,1,1,1,0,0,1,2,0,6,7,0
"addit",4,0,36,9,12,34,5,6,3,0,6,10,0,3,9,26,0,15,1,7,13,3,4,5,3,9,21,20,3
"addition,",9,0,10,0,5,5,0,1,2,0,8,3,0,4,4,3,4,10,0,2,4,0,0,3,2,0,21,3,0
"address",19,0,12,0,16,8,7,4,0,0,6,19,0,1,10,13,6,2,0,5,8,2,7,5,0,0,10,12,2
"adequ",6,0,0,1,1,1,3,1,0,0,3,1,0,0,0,6,1,1,1,1,2,1,2,0,0,0,6,1,4
"administr",65,0,8,51,7,26,34,2,6,2,14,15,1,4,29,11,5,24,14,11,24,8,32,9,4,35,15,7,33
"adopt",1,0,10,8,6,4,3,1,0,1,7,8,0,0,7,2,1,3,6,10,37,4,0,2,1,5,11,17,2
"advisori",18,0,67,45,0,52,31,1,2,2,22,50,0,1,3,0,1,88,9,6,61,8,30,10,27,25,4,102,28
"affect",1,0,1,1,2,0,0,0,2,0,5,0,0,4,4,4,5,6,0,1,2,0,2,1,1,0,7,2,1
"agenda",4,0,1,1,1,1,2,1,1,1,1,2,1,1,2,2,1,2,1,5,1,1,1,1,1,1,0,1,2
"aim",2,0,9,0,1,0,1,0,0,0,2,2,0,1,3,5,1,2,2,2,1,1,0,1,1,0,1,5,1
"align",15,0,5,0,5,4,0,0,0,0,15,10,2,1,4,3,2,3,0,3,1,0,1,1,0,0,19,5,0
"allow",11,0,9,0,18,2,0,3,3,0,10,5,0,0,5,5,3,3,0,3,2,0,1,5,2,1,15,11,0
"alreadi",8,0,3,1,3,12,0,2,1,0,2,1,0,0,4,6,0,2,1,3,3,0,0,0,0,1,4,4,0
"also",19,0,51,18,37,40,21,11,8,1,22,37,0,10,15,28,3,33,7,11,14,7,13,22,15,10,24,73,21
"among",3,0,10,2,1,6,3,0,1,0,14,2,1,3,3,6,1,11,1,3,2,0,2,2,1,0,11,5,2
"amount",0,0,7,27,29,31,5,7,1,0,0,2,0,3,41,11,6,27,10,8,18,4,3,8,8,16,40,28,1
"analysi",1,0,11,5,4,17,4,2,3,0,3,1,0,0,8,7,2,2,1,10,6,1,5,4,0,1,7,19,3
"annual",6,0,12,1,2,13,1,2,3,1,0,6,0,0,6,3,0,1,0,4,15,2,1,1,0,0,20,11,4
"applic",40,0,20,0,25,7,2,10,8,0,13,29,0,24,6,36,2,14,6,15,13,1,3,21,6,0,55,18,1
"approach",11,0,28,1,33,16,0,2,2,1,10,12,0,1,10,22,6,14,5,4,6,0,2,10,3,0,32,23,0
"appropri",9,0,2,9,14,11,4,1,1,0,13,5,0,13,3,3,6,4,7,7,14,5,2,1,2,0,18,11,5
"approv",12,0,24,17,11,30,10,8,2,2,8,15,0,7,19,13,4,34,12,7,27,5,4,22,5,16,19,34,14
"area",15,0,31,0,8,25,2,2,2,0,15,10,3,2,24,18,0,14,2,6,4,0,6,0,1,0,19,23,3
"aris",1,0,2,6,3,2,1,0,2,0,1,2,0,0,1,1,0,0,2,1,8,1,1,0,0,2,0,2,1
"arrang",11,0,7,7,4,4,1,5,6,2,1,6,0,1,13,8,2,10,4,7,4,1,7,2,1,0,0,6,0
"aspect",8,0,1,2,4,4,2,1,1,0,3,5,2,3,2,2,0,2,1,2,6,0,1,3,2,0,2,1,2
"assembl",11,0,44,33,25,53,28,20,13,4,12,30,1,5,24,18,22,54,9,21,67,15,13,27,18,12,43,38,17
"assembly,",4,0,2,4,6,3,11,1,1,1,4,6,0,0,1,3,3,3,3,1,10,5,6,1,1,2,4,1,7
"assess",16,0,11,2,3,6,5,0,0,0,5,5,0,2,5,10,6,4,2,5,39,2,1,2,6,1,9,5,2
"assessment,",1,0,0,1,1,1,0,0,0,0,1,1,0,1,1,4,2,4,0,3,3,1,0,2,3,3,1,0,1
"assist",5,0,12,7,25,31,4,1,0,0,8,3,0,6,11,6,8,10,1,8,11,1,2,13,7,1,14,13,6
"associ",8,0,6,0,17,3,0,7,3,0,6,2,1,2,9,11,0,2,0,6,12,0,2,7,0,1,17,5,2
"author",6,0,5,7,2,3,4,0,0,0,11,7,0,3,6,0,10,12,7,3,30,9,3,0,0,9,9,7,5
"avail",3,0,13,3,9,5,3,7,3,1,20,3,1,0,8,21,4,11,5,9,11,0,1,5,3,1,16,14,5
"avoid",1,0,3,2,2,2,0,1,1,0,2,2,0,0,5,3,0,3,0,1,1,0,2,1,0,0,3,5,2
"away",7,0,6,0,17,20,0,2,0,0,6,4,3,1,11,25,10,10,2,4,8,2,1,6,3,0,21,9,0
"balanc",4,0,1,2,1,0,1,0,0,0,6,1,0,0,8,4,3,9,2,0,8,1,1,2,0,2,1,3,0
"base",6,0,23,1,22,20,2,2,3,0,10,9,0,1,20,61,1,12,2,0,15,0,4,18,3,1,28,27,1
"basi",1,0,10,3,4,21,4,4,3,0,5,3,0,1,3,4,4,8,0,5,10,0,3,2,2,1,13,14,1
"becom",1,0,3,1,2,2,0,0,1,0,6,3,0,0,3,8,1,8,1,3,1,0,1,0,0,0,8,1,1
"benefit",6,0,37,0,17,20,1,0,0,0,20,6,0,1,17,6,2,6,3,18,4,0,1,4,0,0,48,39,3
"best",0,0,4,1,9,4,0,1,0,0,9,1,0,1,14,1,4,4,1,1,5,0,1,8,1,1,8,6,1
"biennium",2,0,15,46,18,34,27,8,4,0,2,5,1,11,12,12,3,33,8,6,11,11,13,13,14,23,33,49,15
"board",81,0,2,1,1,2,2,0,0,0,3,49,0,0,0,4,3,15,5,1,11,0,15,0,0,6,2,3,8
"budget",26,0,54,52,22,51,44,8,9,1,10,25,3,17,38,52,5,50,11,12,55,11,10,16,16,23,32,43,32
"budgetari",6,0,8,47,0,6,39,2,3,2,12,2,1,2,5,1,1,3,13,4,8,9,29,8,3,25,8,7,35
"build",2,0,7,0,8,9,0,21,11,0,12,0,1,0,11,18,1,11,0,4,1,0,2,4,0,0,4,14,0
"busi",91,0,43,0,118,51,8,10,8,5,28,33,0,5,41,133,14,38,21,27,3,1,8,51,20,0,49,54,2
"call",1,0,2,0,4,0,2,0,0,0,2,3,0,0,4,6,1,0,0,2,1,1,1,1,1,0,16,1,2
"can",12,0,7,0,22,8,0,3,1,0,17,3,0,3,23,7,8,8,3,10,10,1,0,6,4,1,24,5,0
"capabl",4,0,5,0,19,7,0,1,2,0,18,2,1,0,13,34,0,3,0,16,8,0,0,4,4,0,24,5,0
"capac",2,0,16,1,5,7,0,6,4,0,3,7,1,0,13,27,4,6,1,2,4,1,3,5,3,0,22,13,2
"capit",5,0,3,0,0,2,3,9,7,4,5,0,0,0,1,22,0,2,1,1,10,5,4,8,1,4,4,6,1
"carri",3,0,7,1,6,5,6,0,0,1,20,1,0,2,10,2,7,2,0,5,5,1,0,1,0,0,21,4,3
"cent",7,0,6,1,7,23,5,5,0,0,3,2,0,0,8,18,0,7,0,1,13,0,1,2,2,0,23,9,2
"centr",10,0,34,1,25,17,4,100,49,6,10,3,2,1,4,84,4,13,13,2,0,0,0,73,14,3,81,34,4
"central",17,0,22,4,16,10,2,4,4,0,19,20,0,12,23,20,11,44,5,8,7,1,0,7,5,6,16,18,1
"chang",28,0,19,1,21,22,3,2,0,0,18,14,0,14,23,2,5,21,4,19,9,2,2,0,0,3,50,33,2
"chief",45,0,12,1,1,9,3,0,0,0,43,31,2,14,7,2,33,30,8,23,8,2,5,3,3,2,7,10,8
"clear",35,0,11,3,2,3,6,2,2,0,5,13,0,2,6,0,2,4,2,4,9,4,0,1,0,0,5,4,4
"close",1,0,3,1,4,7,0,0,0,0,7,1,2,5,4,3,1,2,1,2,5,0,2,4,2,0,12,14,1
"collabor",2,0,9,0,24,14,3,0,0,0,21,2,2,3,11,1,4,5,1,6,0,0,1,1,1,0,40,17,1
"commiss",4,0,15,4,10,9,6,5,4,0,6,2,2,1,4,16,1,7,0,0,7,1,2,2,0,8,10,2,3
"commit",7,0,1,3,1,1,3,1,0,0,1,5,0,0,7,9,1,1,4,5,18,6,3,0,0,2,1,5,4
"committe",25,0,110,56,3,148,44,2,42,3,34,100,0,0,9,0,6,185,15,15,99,9,33,16,42,26,3,200,39
"committee,",4,0,4,2,0,3,2,0,1,0,2,2,0,0,1,0,1,8,0,2,11,2,1,0,0,1,2,5,1
"common",3,0,7,1,24,6,2,0,1,0,7,4,0,5,6,3,1,3,1,2,2,0,1,4,3,0,34,11,2
"communic",59,0,86,16,65,118,2,7,7,4,105,56,8,56,17,44,37,85,38,18,14,9,23,30,11,2,72,57,16
"complet",1,0,9,1,8,16,2,1,3,0,5,2,0,0,19,9,0,8,0,1,7,0,2,9,3,1,10,19,3
"complex",4,0,3,0,1,5,0,3,1,0,0,3,0,0,8,6,2,3,1,7,3,0,1,1,0,0,9,4,0
"compon",6,0,1,0,10,3,1,0,1,0,4,1,0,1,6,3,0,3,0,1,0,0,0,3,2,0,9,6,1
"comprehens",4,0,18,4,8,5,8,0,0,0,10,13,0,0,5,3,9,8,1,9,13,5,12,8,7,1,2,13,5
"compris",5,0,5,6,8,10,0,1,3,0,10,1,0,7,1,15,2,6,1,6,1,0,0,5,1,1,1,19,0
"concern",8,0,7,3,1,5,9,1,1,2,1,5,0,0,2,0,2,9,1,1,11,0,1,0,0,5,0,10,6
"conclus",2,0,2,15,4,4,5,0,0,1,2,3,0,0,3,4,2,1,2,4,0,1,10,0,1,10,0,2,2
"conduct",2,0,8,1,18,12,1,0,1,0,7,6,0,0,4,6,1,8,0,2,5,0,2,11,6,0,3,6,1
"connect",2,0,2,1,1,2,0,1,1,0,15,1,1,0,4,5,0,3,0,0,6,0,1,0,1,0,10,6,0
"consid",19,0,10,18,4,12,5,2,11,1,3,18,0,1,5,4,3,16,4,5,9,6,11,2,7,11,4,18,4
"consider",5,0,10,2,4,13,5,1,5,1,3,7,0,0,8,4,0,17,3,7,8,9,1,2,4,0,3,12,3
"consist",13,0,12,2,11,6,3,1,1,0,6,11,0,1,6,2,2,1,1,2,10,0,1,6,2,0,14,7,2
"consolid",9,0,22,0,27,10,2,4,1,0,9,15,0,6,4,10,1,6,3,6,24,1,0,1,0,0,20,10,3
"consult",2,0,6,4,6,12,5,0,0,0,5,0,0,8,8,7,10,3,0,5,3,0,2,3,0,3,11,11,3
"contain",5,0,14,20,6,8,7,0,0,1,4,7,0,4,5,3,1,13,3,1,18,6,10,5,2,13,9,8,3
"content",1,0,4,0,68,107,4,0,3,0,17,5,6,1,34,4,1,7,7,32,5,0,1,2,0,0,50,19,0
"context",3,0,20,17,4,11,10,2,2,1,2,8,0,0,6,2,2,16,2,1,4,6,12,5,2,1,6,14,4
"continu",6,0,26,6,85,36,22,10,10,5,19,8,1,4,14,151,4,31,19,6,8,2,9,56,22,3,45,38,8
"contractu",0,0,9,1,20,18,0,4,0,0,1,0,0,6,5,11,1,4,0,0,5,0,0,10,1,1,11,14,1
"contribut",3,0,2,1,1,5,4,0,1,0,8,1,0,5,7,1,1,4,0,0,6,2,0,0,1,2,4,4,5
"control",19,0,9,0,4,2,0,1,1,0,12,5,0,0,9,2,1,6,0,10,3,1,1,2,0,0,5,7,0
"cooper",1,0,3,2,1,1,4,2,0,0,2,0,0,0,1,2,1,3,0,2,3,0,1,0,1,0,2,8,4
"coordin",5,0,15,4,26,24,10,0,1,0,17,4,0,13,10,5,1,17,6,2,4,1,3,11,8,3,23,22,7
"cost",18,0,54,4,37,86,7,25,22,2,10,18,0,6,56,49,2,35,9,68,28,0,8,22,5,3,77,94,6
"cover",7,0,7,1,9,14,0,2,1,0,0,4,0,0,13,11,2,4,0,2,6,0,2,4,3,0,27,16,1
"critic",4,0,7,2,23,8,0,2,4,2,12,5,0,0,12,44,6,2,1,11,4,0,5,21,3,0,24,9,0
"current",8,0,32,2,24,18,2,12,9,0,12,9,2,3,47,40,2,20,2,17,19,3,2,13,8,0,28,30,2
"custom",3,0,7,0,47,58,5,0,0,0,10,5,2,0,15,3,1,20,10,11,8,0,0,3,0,0,11,18,2
"data",9,0,73,1,52,41,1,130,64,8,26,14,2,2,39,182,2,23,19,7,8,0,2,98,19,1,123,59,0
"decemb",4,0,2,25,1,5,26,12,1,1,3,0,0,0,8,5,0,10,4,2,5,7,15,1,1,20,2,4,16
"decid",2,0,5,26,0,2,23,3,1,2,4,5,0,0,6,1,2,6,8,2,8,10,6,1,1,11,4,7,33
"decis",9,0,3,10,2,2,3,1,2,0,16,6,0,1,7,1,2,4,0,9,24,3,7,1,0,9,6,7,2
"dedic",1,0,3,0,1,5,1,0,0,0,4,1,1,0,4,4,1,3,1,2,3,1,0,5,4,0,5,1,0
"deliveri",21,0,13,0,26,7,0,6,4,0,22,18,1,0,3,1,1,1,0,1,4,1,1,0,0,0,27,30,1
"demand",1,0,3,1,5,2,0,1,1,0,4,1,0,0,4,3,0,2,2,6,2,0,1,0,0,0,3,2,1
"depart",23,0,70,6,36,33,11,0,2,0,37,18,3,22,20,45,11,47,1,9,12,0,2,57,31,2,57,27,10
"design",20,0,26,0,13,17,1,0,1,0,6,7,0,0,10,14,1,5,1,6,3,0,2,7,0,1,11,18,2
"detail",8,0,24,4,18,21,2,3,0,0,4,7,0,4,20,17,4,11,2,16,19,8,1,0,4,2,7,18,1
"determin",3,0,4,0,8,10,0,2,1,0,8,3,0,1,6,4,0,0,0,1,2,0,2,6,1,0,4,6,0
"develop",28,0,45,3,53,28,46,3,1,0,60,25,0,18,38,13,35,20,4,21,42,3,3,20,16,3,56,34,26
"differ",15,0,5,0,16,5,0,1,1,0,1,2,1,0,4,5,0,5,0,3,6,0,0,8,2,0,11,5,0
"direct",14,0,10,3,4,3,4,0,0,0,24,5,1,6,8,6,10,11,0,5,4,1,3,5,0,3,8,10,5
"disast",1,0,15,0,97,30,3,8,5,5,8,2,0,2,7,133,4,22,14,0,0,0,0,11,4,0,16,16,1
"distr.:",1,0,1,1,1,1,1,1,1,1,1,1,1,1,1,1,1,1,1,1,1,1,1,1,1,1,1,1,1
"document",9,0,7,0,21,19,3,1,3,0,20,3,1,3,14,4,2,22,0,9,12,3,1,1,0,0,36,23,4
"duti",1,0,7,0,19,13,3,0,0,0,5,5,0,0,12,35,3,4,1,2,8,0,0,5,3,0,36,12,4
"econom",0,0,15,5,4,6,8,0,1,0,7,0,0,0,1,15,6,6,0,2,4,0,1,1,0,6,3,2,7
"effect",33,0,27,7,21,12,8,3,1,1,56,14,1,8,15,2,19,20,8,12,13,7,9,11,5,1,40,21,8
"effici",4,0,27,3,17,19,6,0,0,0,28,9,0,1,15,4,6,10,4,7,8,5,3,3,1,0,35,12,6
"effort",4,0,17,13,9,7,11,1,2,0,13,8,0,2,12,6,3,1,0,5,4,0,11,8,4,1,11,14,12
"element",11,0,1,0,5,7,2,0,1,1,4,2,0,0,5,3,1,3,1,1,2,0,0,2,2,0,5,3,0
"emerg",0,0,3,0,2,1,1,2,2,1,1,0,0,1,1,7,0,1,1,3,1,0,5,78,48,5,4,3,2
"emphas",3,0,12,2,1,12,6,0,1,0,0,5,0,0,1,1,0,7,6,1,4,5,3,1,0,0,0,8,6
"enabl",15,0,4,0,27,8,3,0,0,1,32,7,0,0,20,8,4,2,1,6,4,2,4,5,2,0,36,9,2
"endors",1,0,6,15,1,2,6,0,1,1,2,0,0,0,1,2,0,2,5,1,3,1,6,8,5,10,5,4,3
"english",1,0,1,0,1,1,0,1,1,0,1,1,1,1,1,1,1,1,0,1,1,0,1,1,1,0,1,1,0
"enhanc",0,0,4,0,6,7,4,0,0,0,32,3,0,2,9,3,1,3,2,6,2,4,1,3,1,0,38,26,6
"ensur",11,0,25,17,36,33,27,6,9,4,25,14,2,4,30,32,5,13,11,7,12,6,22,10,2,2,44,33,26
"enterpris",16,0,131,5,52,121,19,8,4,1,20,43,2,1,36,38,5,45,43,91,10,1,2,14,5,0,183,131,9
"entiti",11,0,3,3,4,5,2,0,1,0,4,1,0,0,4,0,1,9,2,2,0,0,0,2,4,0,2,2,0
"equip",0,0,5,0,13,13,0,17,7,0,6,2,0,6,9,18,1,9,1,2,6,0,1,15,0,0,32,6,0
"essenti",3,0,5,0,2,4,0,0,2,0,2,4,0,1,1,6,3,4,2,4,0,0,0,2,0,1,4,5,0
"establish",15,0,56,13,10,25,17,4,8,0,43,16,0,6,16,60,10,32,7,11,12,3,1,24,17,1,69,33,14
"estim",11,0,37,23,19,47,3,21,5,0,2,3,0,7,23,36,0,23,2,4,15,0,4,8,5,14,75,50,1
"evalu",9,0,7,1,6,4,2,0,1,0,3,4,0,1,5,4,3,2,0,2,1,2,1,4,3,0,2,0,1
"execut",17,0,11,1,6,9,3,0,1,0,29,2,0,2,6,0,11,15,4,0,7,2,4,1,1,2,8,10,3
"exist",18,0,31,3,13,20,4,4,3,0,19,18,0,3,11,16,4,12,1,13,13,4,2,9,2,0,42,30,3
"expect",13,0,17,0,8,29,2,2,1,0,5,8,0,1,24,7,0,10,1,5,5,2,1,2,1,0,25,31,0
"expenditur",14,0,15,5,8,16,2,7,1,0,1,13,0,7,9,9,0,12,2,3,13,0,4,20,1,2,6,15,2
"experi",0,0,0,0,8,9,1,0,1,0,1,1,0,0,4,0,0,3,1,14,1,13,1,2,1,1,5,1,1
"expert",0,0,26,2,3,17,2,0,1,0,1,0,0,6,9,0,2,2,0,2,2,1,1,1,0,0,12,26,1
"extend",1,0,1,0,2,2,2,1,1,0,3,0,0,0,1,4,0,2,0,3,0,1,0,1,3,0,6,1,2
"facil",1,0,7,4,15,10,0,13,5,0,15,0,0,1,10,90,0,25,3,0,0,0,0,18,3,3,9,8,0
"facilit",3,0,6,0,7,6,0,1,2,0,10,4,0,0,9,9,1,9,1,2,4,1,1,1,0,0,15,9,0
"field",15,0,59,0,14,10,6,0,1,0,22,9,3,27,29,66,20,56,4,12,5,1,2,30,12,1,36,32,2
"financ",2,0,7,6,0,8,4,2,2,1,3,1,3,5,21,10,0,13,2,5,25,3,2,1,1,4,7,6,4
"financi",8,0,8,13,1,10,14,3,2,0,22,8,0,4,24,4,3,15,3,5,57,9,5,5,4,12,13,20,9
"first",1,0,17,6,10,10,6,4,1,0,4,9,0,0,6,7,1,10,3,5,11,1,3,2,0,0,10,21,4
"five",1,0,5,1,6,14,0,0,0,0,14,2,0,1,4,3,1,5,0,3,1,0,0,2,2,0,3,3,0
"focus",11,0,7,0,15,4,1,0,0,0,8,2,4,1,11,7,0,3,0,3,1,0,0,2,1,0,5,7,1
"follow",10,0,11,1,28,10,1,0,2,0,6,5,0,1,13,8,3,6,0,8,8,4,2,4,4,0,28,12,0
"four",5,0,17,1,2,10,2,1,0,0,1,4,0,0,4,7,1,1,0,1,4,0,1,1,0,0,13,23,0
"framework",10,0,17,6,19,12,3,0,0,1,35,8,0,1,6,7,14,15,4,0,3,0,6,15,9,1,11,5,1
"full",4,0,5,1,3,15,7,1,2,0,4,5,1,0,8,4,1,4,5,12,12,3,3,2,6,0,22,13,8
"fulli",2,0,7,0,4,12,5,2,3,1,7,4,0,0,12,10,3,8,2,7,6,1,2,3,1,1,12,12,3
"function",19,0,54,4,12,57,5,0,1,0,16,15,1,17,48,10,15,34,5,21,20,3,2,8,2,0,83,44,3
"fund",32,0,13,23,24,28,2,4,3,0,5,15,2,6,30,25,4,29,5,5,28,8,5,22,21,16,14,20,5
"futur",3,0,11,5,9,18,8,2,0,0,2,6,0,0,5,4,0,6,0,9,3,1,2,3,4,1,9,19,3
"general",16,0,59,44,70,122,50,20,11,5,23,36,2,29,43,42,26,80,19,23,90,24,27,43,24,19,63,77,34
"given",12,0,6,1,1,6,3,2,2,0,5,5,0,0,6,5,2,9,0,6,4,0,0,1,1,0,4,10,2
"global",20,0,27,0,16,7,3,0,2,1,69,14,3,3,31,21,4,13,4,13,4,0,0,3,1,0,42,26,0
"govern",37,0,12,2,9,5,3,0,0,0,5,11,0,0,8,3,35,18,9,2,14,2,4,2,2,0,20,21,3
"greater",10,0,2,2,1,1,0,0,0,0,2,3,0,1,6,7,0,1,0,4,5,1,0,1,2,1,6,7,2
"group",15,0,6,3,17,26,1,0,0,0,16,2,0,0,2,4,3,4,0,2,6,0,3,4,10,0,10,12,0
"headquart",20,0,7,2,10,24,1,11,4,2,8,4,6,3,5,61,9,16,3,6,5,0,10,20,9,0,17,13,1
"headquarters,",1,0,3,0,15,10,0,1,0,0,2,7,0,1,16,6,10,4,3,3,4,2,0,5,2,0,10,4,0
"high",4,0,14,1,1,10,11,2,1,0,9,4,0,0,12,5,1,7,1,11,1,0,2,1,0,5,14,9,4
"host",0,0,5,4,5,6,1,3,2,0,2,2,0,1,3,23,1,10,4,0,0,0,4,9,2,0,10,3,0
"however,",12,0,3,0,2,4,0,6,3,0,5,2,0,1,14,8,5,6,0,4,8,0,0,1,1,0,10,6,0
"human",3,0,30,6,7,14,23,0,0,0,13,2,2,3,25,16,2,12,1,24,15,5,2,7,6,4,17,18,10
"ict",264,0,282,0,48,0,0,14,9,0,352,185,7,35,33,73,133,115,0,32,16,0,0,1,0,0,430,207,0
"identifi",15,0,16,1,6,8,2,5,1,0,12,11,0,0,7,7,3,5,3,8,17,1,2,10,3,0,15,17,3
"ii.",2,0,1,0,2,1,2,1,1,0,3,1,0,2,4,9,2,2,0,2,3,0,0,1,1,0,4,1,0
"iii",1,0,6,3,8,5,3,0,0,0,2,1,0,1,3,4,0,5,1,0,1,1,1,0,0,2,3,5,2
"iii.",2,0,1,0,2,3,1,1,1,0,3,1,0,2,2,9,2,2,0,2,3,0,0,1,1,0,4,1,0
"impact",5,0,13,2,7,6,4,1,3,0,5,2,0,0,7,9,0,7,1,2,7,2,4,3,1,0,12,14,2
"implement",33,0,54,19,80,119,29,2,8,1,76,93,0,6,93,51,7,65,19,58,34,15,25,30,21,5,119,165,37
"import",19,0,4,8,5,3,13,1,4,0,11,10,0,0,7,3,6,3,4,0,6,2,9,4,0,0,9,8,16
"improv",17,0,49,1,41,18,4,2,0,0,73,13,0,6,25,13,3,8,5,13,19,2,3,3,2,1,68,40,6
"includ",36,0,52,11,58,61,16,13,7,3,42,25,1,12,46,75,14,43,11,29,29,11,17,14,11,1,55,58,12
"increas",12,0,13,12,30,12,2,6,3,0,33,8,0,0,14,18,1,8,2,20,24,2,4,2,2,3,43,14,8
"independ",1,0,5,1,2,2,1,1,1,0,5,2,0,1,3,2,1,2,1,0,1,3,0,1,0,0,3,3,1
"indic",5,0,49,2,3,25,3,1,3,0,1,22,0,4,3,7,2,12,0,9,15,0,0,2,11,0,1,46,0
"inform",159,0,152,28,117,207,20,8,22,3,205,127,10,101,62,61,79,185,48,82,101,17,44,45,30,2,116,146,39
"infrastructur",8,0,29,0,29,18,0,7,1,1,39,5,1,18,14,30,4,9,2,9,0,0,1,3,0,0,54,36,0
"initi",7,0,32,9,45,29,1,7,6,0,24,15,0,7,12,19,10,15,0,12,13,0,5,8,7,3,121,84,7
"integr",6,0,19,4,18,26,1,2,4,0,21,6,2,6,49,17,4,35,7,28,17,2,1,16,3,1,18,17,1
"intern",7,0,16,9,18,8,25,7,2,1,33,2,0,0,16,34,2,20,9,26,27,5,8,6,2,13,19,12,27
"introduct",3,0,3,1,4,2,0,1,1,0,4,4,0,0,6,5,2,2,0,6,6,0,0,0,1,1,8,5,0
"invest",12,0,10,0,5,7,0,0,1,0,20,6,1,1,8,17,10,9,1,27,10,2,0,1,0,0,16,15,0
"involv",3,0,5,1,8,13,3,2,2,0,5,4,0,1,10,1,0,6,1,0,0,0,0,3,2,0,7,5,0
"issu",26,0,9,0,5,6,2,0,1,0,6,12,0,1,2,0,4,9,0,1,14,1,4,1,1,0,7,8,3
"item",1,0,2,1,1,1,1,1,1,1,1,1,1,1,2,1,1,2,1,2,4,1,1,1,1,2,1,2,1
"januari",4,0,2,8,2,1,1,1,1,0,2,2,0,1,0,4,3,3,0,0,9,1,0,4,2,1,4,6,0
"joint",1,0,3,2,5,1,3,0,1,0,0,0,0,0,1,6,0,4,2,0,3,2,2,6,1,10,3,2,6
"juli",1,0,2,5,0,9,3,21,4,1,0,1,0,3,15,31,0,21,5,0,4,1,1,11,5,0,9,9,1
"june",0,0,2,7,1,4,3,7,1,1,0,0,0,3,12,27,2,22,6,0,21,0,3,11,7,0,7,9,0
"key",20,0,25,0,7,12,0,0,2,0,19,12,0,1,19,6,14,9,1,8,5,0,0,6,2,0,27,25,1
"knowledg",9,0,17,0,52,32,2,0,0,0,45,4,1,9,4,2,3,3,2,7,1,0,0,0,1,0,97,50,1
"lack",14,0,25,1,7,3,0,1,2,1,0,13,0,0,2,1,0,2,1,5,4,0,1,0,1,1,12,7,2
"larg",2,0,7,0,5,3,0,1,1,0,4,2,0,0,5,2,2,2,0,11,1,0,0,1,0,1,7,8,0
"lead",9,0,4,1,6,4,1,2,2,1,4,2,0,0,7,1,3,6,1,8,3,0,0,4,1,0,11,6,0
"leadership",7,0,7,1,2,1,0,0,1,0,5,8,0,0,0,0,3,7,1,4,3,0,1,4,0,0,5,5,1
"learn",0,0,4,0,11,4,1,0,0,0,3,4,0,0,6,1,0,2,1,6,3,2,1,1,0,1,6,5,1
"lesson",0,0,1,0,7,2,1,0,0,0,1,4,0,0,6,1,0,2,1,6,0,2,2,1,0,1,5,4,1
"level",12,0,20,8,16,18,10,1,0,1,27,4,0,2,8,10,11,11,3,8,23,2,3,1,1,0,42,11,14
"limit",7,0,14,1,3,2,3,3,2,0,1,10,0,0,6,12,1,5,1,9,3,3,4,2,1,0,20,6,2
"line",4,0,3,0,1,1,2,0,0,0,1,1,0,1,4,1,2,5,3,3,3,1,0,1,1,1,2,4,4
"local",18,0,11,1,10,11,4,5,2,1,17,6,1,0,3,16,10,6,4,2,2,0,1,8,1,0,111,15,5
"locat",4,0,6,2,4,1,0,7,1,0,5,0,0,0,3,23,0,12,1,1,0,0,2,5,1,0,34,8,0
"made",10,0,7,3,3,8,2,1,0,0,15,7,0,1,5,7,4,6,1,0,13,3,2,2,5,1,21,24,0
"main",7,0,11,1,4,9,3,0,0,1,5,3,0,1,9,18,3,10,4,3,5,1,3,0,0,0,4,3,7
"maintain",5,0,6,1,11,3,1,1,0,0,10,1,1,4,3,8,3,6,0,7,3,0,1,10,4,1,13,6,0
"mainten",5,0,2,0,15,19,1,0,1,0,1,2,0,1,2,9,1,7,0,8,3,1,0,22,8,0,9,4,3
"major",27,0,6,0,5,14,2,3,0,0,14,17,0,5,7,18,11,9,0,9,5,0,5,2,1,2,3,12,4
"make",8,0,8,5,9,8,5,2,2,0,12,10,1,0,9,2,1,7,2,5,13,2,3,2,0,2,28,10,8
"manag",102,0,162,10,204,274,26,6,10,1,288,71,23,76,158,51,36,129,22,98,77,7,19,110,75,7,223,207,16
"management,",7,0,27,1,20,49,3,0,2,0,21,3,0,9,29,2,3,18,1,7,6,0,1,10,0,2,14,24,5
"mandat",1,0,21,4,6,1,10,0,0,0,4,1,0,1,2,1,1,0,0,2,11,6,1,1,1,0,14,0,9
"matter",7,0,33,2,1,19,2,0,1,0,1,3,0,0,7,3,1,5,2,2,6,1,2,3,1,1,0,31,0
"may",7,0,8,1,9,5,1,1,1,3,2,3,1,0,0,11,1,2,3,8,16,3,6,1,1,0,6,8,1
"measur",1,0,11,0,4,9,6,2,3,2,9,7,0,4,2,29,1,5,5,4,11,1,8,2,1,4,5,18,4
"mechan",8,0,3,0,4,3,4,0,1,0,3,2,0,0,2,0,1,5,0,4,5,2,2,1,2,0,3,4,2
"meet",10,0,4,3,3,6,5,3,1,1,17,2,2,2,16,15,4,11,6,10,10,4,1,2,1,2,17,9,3
"member",4,0,11,3,12,12,9,0,0,0,21,3,0,0,20,10,5,7,0,4,28,12,3,2,1,1,40,13,7
"million",6,0,8,4,0,10,5,1,8,0,0,5,0,0,9,4,0,6,3,2,14,3,0,1,0,2,45,45,6
"minim",2,0,3,1,7,3,0,2,1,0,2,1,0,0,2,4,0,0,3,2,1,0,2,1,0,0,9,4,0
"mission",10,0,30,8,8,7,0,0,1,0,11,2,4,3,12,63,5,33,0,0,17,1,0,2,1,3,16,5,0
"mitig",0,0,4,0,1,1,0,9,4,3,2,0,0,1,6,7,0,2,3,3,0,0,3,3,1,0,6,4,0
"monitor",14,0,7,2,6,10,3,0,1,0,7,5,0,2,12,1,2,8,1,2,8,1,4,1,1,0,14,8,1
"must",5,0,5,0,4,0,1,2,4,0,12,1,1,0,2,5,1,8,1,8,3,0,0,2,2,0,7,7,1
"nation",82,0,102,29,48,59,55,15,13,3,88,31,3,10,50,172,17,84,27,65,79,12,41,33,22,28,60,58,47
"nations,",3,0,1,4,1,1,2,2,1,0,0,5,0,0,1,2,0,7,2,4,1,2,2,0,0,2,0,2,4
"natur",4,0,2,0,1,1,1,0,0,0,2,3,0,0,4,6,0,1,1,4,1,1,1,3,1,0,3,1,1
"necessari",9,0,12,3,10,6,4,5,4,1,5,4,0,1,5,12,3,5,3,5,7,1,1,1,0,0,5,8,3
"need",40,0,25,1,37,22,12,3,2,1,32,27,0,7,23,28,11,19,10,41,26,8,8,6,7,3,57,32,5
"network",5,0,7,0,6,2,1,0,3,0,12,1,0,1,1,20,2,2,0,0,1,0,0,5,2,0,17,3,1
"new",26,0,59,7,28,21,8,34,10,0,38,23,2,7,30,29,7,19,7,13,10,0,6,16,9,1,42,31,5
"note",21,0,33,33,5,41,25,8,5,3,3,20,0,0,8,11,3,49,20,2,23,2,19,8,11,17,12,45,16
"number",4,0,15,2,12,21,1,2,1,0,8,8,0,1,8,7,2,7,1,12,7,0,0,5,2,0,28,20,1
"object",14,0,7,0,12,14,1,2,2,0,15,6,0,10,8,15,2,12,1,1,14,0,0,7,2,0,12,12,1
"offic",134,0,147,21,74,94,44,4,8,0,148,73,9,79,37,67,62,119,13,37,43,11,8,49,27,25,114,92,40
"offici",4,0,1,3,9,3,13,2,2,0,4,0,1,1,6,2,1,2,1,2,5,0,2,1,0,1,12,1,6
"one",4,0,11,9,10,31,20,1,1,0,12,2,0,0,7,43,8,8,0,4,12,0,0,4,5,2,46,24,13
"ongo",1,0,14,1,8,7,1,0,0,0,1,6,0,3,3,2,6,1,0,3,3,0,3,2,2,0,6,11,0
"oper",63,0,48,9,33,42,6,13,12,3,45,31,1,18,60,111,10,68,12,26,26,2,6,40,14,0,53,45,3
"operations,",2,0,0,0,3,1,0,1,0,0,3,1,0,2,3,12,1,6,0,5,5,1,0,9,3,0,4,3,0
"operations.",4,0,3,0,4,2,0,2,1,0,3,3,0,1,5,18,1,2,0,2,1,0,0,4,3,0,4,4,0
"option",2,0,7,4,2,10,3,4,5,0,0,3,0,0,1,2,0,0,2,5,1,0,7,3,1,1,5,3,2
"order",3,0,9,4,7,7,4,7,5,3,5,8,0,2,7,9,2,7,8,3,5,1,7,4,7,1,22,12,7
"organ",42,0,36,3,32,15,17,3,1,0,39,16,1,4,34,16,23,40,10,44,33,13,9,8,5,0,74,43,11
"organiz",6,0,16,4,15,11,0,0,0,0,48,9,2,15,7,6,2,14,6,4,3,0,7,47,31,3,49,15,4
"organization,",8,0,5,1,3,6,4,0,1,0,7,6,0,0,3,1,6,5,4,2,5,3,2,6,0,0,5,8,3
"original:",1,0,1,0,1,1,0,1,1,0,1,1,1,1,1,1,1,1,0,1,1,0,1,1,1,0,1,1,0
"outcom",2,0,3,0,2,3,2,1,0,0,0,5,0,0,1,1,1,1,0,2,2,0,2,2,2,0,0,4,1
"outlin",0,0,3,0,7,3,1,3,1,0,1,0,0,1,0,12,1,2,1,3,8,0,0,1,1,0,3,2,1
"overal",15,0,11,1,10,35,7,1,2,0,24,16,0,7,16,2,11,24,4,10,10,1,0,3,0,2,17,24,6
"oversight",6,0,10,1,3,0,11,0,0,0,18,3,0,2,1,4,0,7,1,3,8,5,9,4,1,0,1,7,9
"para.",2,0,41,0,1,20,0,6,11,0,4,22,0,1,1,1,0,42,1,3,25,0,0,6,6,0,3,47,0
"paragraph",2,0,38,28,2,32,28,5,1,2,2,8,2,1,6,13,4,35,9,3,62,13,30,6,20,6,5,51,27
"part",5,0,11,1,8,2,14,2,2,1,3,4,0,4,4,34,4,11,4,9,29,1,6,3,4,0,17,15,22
"particular",6,0,10,2,3,2,3,1,1,0,1,8,0,1,3,2,1,3,3,3,2,0,2,2,3,1,4,8,3
"peacekeep",12,0,20,4,20,28,8,9,9,1,3,7,3,10,60,61,1,45,7,9,52,5,1,27,15,0,21,16,2
"per",8,0,10,1,12,39,7,7,3,0,16,2,0,0,10,38,0,8,0,9,14,1,1,3,2,0,65,13,3
"perform",9,0,29,13,8,10,7,1,1,0,33,13,0,6,9,2,8,9,4,6,22,3,6,1,0,0,36,14,3
"period",3,0,11,4,7,16,4,11,4,1,2,1,0,3,15,29,3,23,5,3,8,0,0,8,6,0,5,19,1
"perman",3,0,1,0,5,2,0,3,4,2,7,1,0,0,4,2,4,1,1,0,1,0,0,2,1,0,1,4,0
"place",8,0,4,0,6,4,0,1,0,0,5,3,0,1,5,8,0,3,1,3,4,0,1,0,0,0,7,6,3
"plan",26,0,137,8,60,53,23,11,10,1,38,49,0,10,39,45,11,35,30,67,27,1,8,54,21,7,37,95,13
"plan,",1,0,2,1,4,4,2,2,2,4,3,4,0,0,3,3,0,2,2,0,0,1,2,1,0,1,3,1,0
"planning,",1,0,9,2,2,3,4,0,0,0,2,1,0,5,6,2,0,7,1,2,3,2,0,5,3,0,6,4,4
"polici",13,0,6,3,5,4,2,0,0,0,18,7,0,3,5,3,4,4,2,6,20,6,8,14,7,0,14,9,1
"polit",4,0,6,14,4,3,2,0,0,0,1,1,2,2,3,5,0,2,0,3,4,1,0,4,3,10,0,0,2
"posit",5,0,10,8,16,31,2,0,2,0,4,6,0,0,1,3,4,2,0,9,4,1,2,10,6,1,10,21,1
"possibl",4,0,7,5,4,7,4,3,4,1,1,1,0,0,7,6,0,1,4,3,5,1,4,3,2,0,13,4,3
"post",16,0,21,12,3,41,21,0,0,0,7,7,0,34,12,16,4,31,0,4,31,3,1,6,4,1,70,46,20
"potenti",5,0,6,0,3,5,0,3,2,0,6,0,0,0,5,11,3,4,0,9,2,0,2,3,1,1,5,6,1
"practic",1,0,6,0,18,5,2,0,0,0,9,3,0,0,10,0,6,4,1,3,10,1,1,6,4,1,15,4,3
"prepar",5,0,7,0,2,2,3,0,2,0,3,2,0,0,5,2,0,1,1,5,5,2,0,3,0,0,12,7,3
"present",13,0,26,15,31,10,7,10,3,1,15,8,0,3,23,29,7,7,6,20,23,1,10,11,3,7,40,22,4
"previous",1,0,6,1,1,6,0,0,0,0,3,2,0,0,6,6,1,7,0,8,1,2,0,2,0,0,11,35,1
"primari",2,0,2,1,7,4,0,24,14,2,0,0,0,2,2,6,1,2,5,1,0,0,0,9,2,0,1,1,0
"principl",1,0,2,2,7,0,1,2,1,0,4,0,0,1,0,1,9,2,1,1,3,0,2,1,1,0,1,1,0
"prior",2,0,1,1,1,1,1,1,0,0,0,1,0,1,1,1,0,3,1,0,5,1,0,2,1,0,0,1,1
"prioriti",12,0,8,1,3,6,7,0,0,0,17,6,0,2,10,1,0,6,0,4,2,5,1,2,1,0,1,4,2
"procedur",1,0,8,3,8,5,4,0,1,0,1,0,0,0,5,2,0,6,0,0,10,0,1,3,2,1,8,7,3
"process",23,0,41,3,65,26,0,4,3,0,36,5,0,4,60,17,1,20,3,26,21,0,2,11,4,2,39,41,1
"procur",2,0,7,0,1,3,0,4,3,0,3,0,0,0,15,5,0,8,0,18,7,3,2,5,3,1,2,17,0
"programm",12,0,49,47,49,56,59,5,3,0,123,13,6,11,28,12,10,38,6,15,31,15,21,22,23,14,33,37,25
"progress",3,0,27,4,3,15,8,1,1,1,3,12,0,2,14,1,2,3,3,8,1,0,6,2,1,1,28,50,12
"project",12,0,184,12,67,117,6,1,9,0,52,31,0,10,120,44,9,80,9,23,9,1,5,11,3,3,55,144,25
"project,",0,0,13,0,2,8,3,1,3,0,2,2,0,0,6,1,1,11,1,1,0,0,2,0,0,0,2,14,8
"proper",2,0,2,1,8,1,1,0,0,0,3,1,0,0,5,0,2,1,0,3,3,0,1,1,1,0,7,2,1
"propos",12,0,73,24,51,94,28,17,19,4,25,37,0,13,51,115,13,94,11,27,109,13,10,32,29,15,80,143,16
"provid",22,0,100,10,63,114,13,8,13,3,79,31,1,21,40,61,20,77,4,22,43,4,8,20,15,1,122,106,9
"provis",2,0,7,13,16,13,10,3,3,1,4,2,0,3,24,9,2,14,5,3,5,2,8,13,6,9,3,5,5
"public",3,0,7,6,6,7,9,1,1,0,13,1,0,2,6,14,1,12,8,6,23,7,0,3,1,7,4,5,17
"qualiti",2,0,6,0,7,3,4,1,0,0,5,3,0,2,9,1,0,1,0,1,3,0,1,0,0,0,11,4,2
"question",4,0,2,4,0,4,3,0,3,0,2,6,0,0,1,0,1,2,0,1,3,2,4,6,2,0,2,3,4
"rather",6,0,2,0,4,4,1,2,4,1,1,1,0,0,1,1,1,3,1,2,1,0,0,0,0,0,2,1,0
"recal",0,0,2,27,0,4,24,0,1,2,0,6,0,0,3,0,0,6,6,0,8,7,28,1,2,7,0,6,19
"recogn",5,0,7,1,4,4,5,0,1,0,2,4,0,0,2,1,3,7,9,3,3,2,3,5,2,0,2,6,2
"recommend",33,0,21,17,5,40,9,3,8,1,5,45,0,0,3,9,3,42,2,6,19,1,13,13,9,14,12,44,4
"record",3,0,8,2,22,10,8,0,0,0,4,1,0,0,6,1,0,6,2,5,15,0,0,1,0,1,10,6,3
"recoveri",0,0,16,0,111,32,3,9,5,5,4,2,0,2,8,135,4,19,14,0,0,0,3,10,2,0,16,15,1
"reduc",6,0,12,1,17,12,5,3,0,0,12,4,0,0,9,3,0,6,3,6,7,0,2,4,2,2,65,31,2
"refer",3,0,2,3,0,1,2,0,1,0,3,1,0,0,3,5,1,5,0,1,12,6,1,1,2,0,3,7,0
"reflect",6,0,8,3,1,3,3,0,0,0,2,5,0,4,3,2,0,5,0,8,3,1,0,1,0,1,9,10,1
"regard",18,0,16,10,3,2,3,2,0,1,6,15,0,0,0,4,2,9,2,4,5,1,3,3,10,3,12,16,8
"region",5,0,3,0,22,7,7,0,0,0,6,4,2,1,6,8,7,3,0,0,5,2,0,5,6,0,35,6,6
"regular",3,0,7,11,3,18,8,3,2,0,3,5,0,5,19,23,0,22,6,1,3,1,3,9,4,2,12,16,4
"relat",12,0,26,29,30,49,9,7,1,2,19,12,1,8,26,15,4,28,13,8,34,3,15,12,16,15,36,30,12
"relationship",3,0,4,0,22,47,4,0,0,0,15,5,2,0,9,3,2,8,6,0,0,1,0,3,1,0,15,17,0
"relev",5,0,2,5,4,3,8,0,1,0,10,5,0,0,8,2,4,5,1,1,2,4,11,1,2,1,5,6,2
"remain",6,0,8,1,2,8,1,3,0,0,3,5,1,0,11,3,0,14,0,4,3,1,0,3,3,1,7,24,2
"replac",0,0,7,0,9,9,0,0,1,0,1,5,1,0,12,5,1,4,1,7,9,2,1,2,0,0,3,10,0
"report",30,0,54,121,54,53,67,7,10,7,35,47,2,6,47,30,28,102,42,23,112,27,86,28,26,54,57,93,54
"report,",4,0,20,3,1,17,1,1,2,0,3,3,0,0,3,0,3,9,0,5,6,0,1,2,10,0,6,30,0
"repres",4,0,9,14,4,10,4,1,1,0,5,4,0,5,2,6,3,12,0,4,5,0,1,3,5,3,0,17,3
"request",8,0,32,45,22,48,60,12,12,7,4,39,0,1,9,24,3,43,25,8,33,13,52,14,12,13,31,39,46
"requir",21,0,59,8,93,73,10,16,4,0,26,29,1,14,84,106,14,87,9,20,46,8,3,33,17,3,69,98,4
"resolut",1,0,17,48,15,19,32,8,4,4,4,14,0,2,9,8,11,12,6,5,23,14,25,14,7,21,21,18,19
"resourc",26,0,202,22,44,84,44,9,4,1,75,61,3,48,81,52,21,76,44,84,46,14,5,20,29,5,81,119,31
"resources,",1,0,9,6,3,7,7,0,0,0,2,3,0,2,7,1,0,8,3,16,3,2,0,0,0,0,6,8,3
"respect",1,0,9,4,1,5,5,0,2,1,3,3,1,2,3,11,1,7,2,1,8,3,0,8,1,3,1,8,3
"respons",31,0,10,2,13,19,5,0,1,0,26,22,1,15,11,12,7,19,3,7,18,1,3,43,21,0,20,32,4
"result",13,0,18,10,27,12,3,2,3,0,19,11,0,1,11,15,5,15,0,5,9,2,3,3,1,8,31,20,1
"resum",2,0,0,1,0,0,1,2,1,0,1,0,0,0,2,4,6,1,1,2,1,4,5,0,0,0,2,3,2
"review",18,0,82,4,6,17,13,1,1,0,18,14,0,4,7,7,8,16,1,3,10,1,8,10,6,0,40,60,6
"revis",2,0,3,27,4,5,2,1,0,0,0,10,0,7,2,0,0,28,3,0,7,1,6,3,2,9,10,28,2
"risk",26,0,19,1,6,7,3,12,6,4,7,5,0,1,25,19,1,10,3,10,1,0,7,16,9,1,18,13,2
"role",17,0,8,5,2,6,7,1,2,0,8,9,0,0,1,5,4,8,2,0,2,3,1,7,6,0,5,6,5
"scope",8,0,7,0,8,11,1,1,1,0,4,4,0,0,5,4,1,5,0,1,2,0,0,1,6,0,4,7,1
"second",0,0,9,6,6,4,4,1,1,0,1,0,0,1,1,4,4,6,4,4,5,1,4,1,0,0,0,12,2
"secretariat",34,0,30,2,41,19,5,20,15,2,59,23,2,6,39,48,23,24,7,21,15,1,4,30,9,2,47,19,3
"secretariat,",17,0,8,4,13,7,5,2,2,0,6,11,0,1,7,3,2,4,1,5,2,1,2,2,0,0,9,5,5
"secretary-",0,0,10,3,1,10,2,1,2,0,3,7,0,1,1,1,1,12,4,2,7,3,4,4,2,1,2,12,2
"secretary-gener",7,0,133,77,15,76,72,11,18,8,18,49,1,4,19,11,23,81,46,16,66,24,61,19,32,17,16,120,60
"secretary-general,",0,0,6,3,1,7,5,1,1,2,4,2,0,1,2,0,0,8,4,1,6,3,6,3,2,2,2,6,2
"section",1,0,9,56,22,14,38,5,3,2,6,3,0,29,11,35,5,32,4,14,38,4,22,8,7,29,10,17,34
"sector",1,0,7,5,0,2,2,0,0,0,4,1,0,0,1,1,0,4,8,5,3,3,0,0,0,6,1,2,10
"secur",47,0,6,18,8,1,6,2,4,1,16,28,0,8,5,23,3,10,1,4,19,0,34,12,11,8,33,13,6
"see",1,0,4,2,2,2,10,0,0,0,1,3,0,0,0,1,0,6,1,1,4,1,0,2,0,2,1,1,4
"senior",21,0,4,2,0,3,2,0,0,0,14,11,1,1,5,1,6,3,1,4,2,0,1,10,3,0,5,4,2
"separ",4,0,1,0,5,2,1,0,0,0,1,5,0,1,7,9,2,1,1,1,2,0,0,1,4,0,2,2,1
"serv",2,0,2,0,4,2,3,0,0,0,9,0,1,1,6,6,4,2,1,12,2,0,0,2,3,0,1,2,2
"servic",43,0,73,11,176,109,34,20,10,3,113,41,25,95,39,84,6,66,6,7,28,2,11,29,7,6,247,110,17
"services,",3,0,4,1,13,14,3,2,1,0,15,2,0,12,10,6,1,11,1,7,2,0,1,5,2,4,4,10,3
"session",3,0,4,8,6,3,4,3,2,2,4,3,1,1,3,5,1,4,5,2,10,5,7,2,7,8,1,5,5
"set",20,0,18,1,12,20,2,6,5,0,15,7,0,2,5,1,3,16,3,2,12,5,1,8,3,0,23,17,2
"share",6,0,13,0,11,12,2,0,4,0,21,5,2,7,5,14,4,12,3,6,1,0,1,1,0,5,27,9,3
"signific",8,0,15,1,6,6,1,2,3,0,11,4,0,1,14,13,9,7,0,11,4,0,1,3,0,0,30,16,2
"sinc",4,0,6,0,1,5,0,2,0,0,3,1,0,0,2,3,1,5,0,4,3,0,1,6,2,0,10,13,1
"situat",3,0,0,0,2,4,1,0,1,1,0,1,0,0,2,3,1,5,1,3,2,0,1,0,1,0,1,1,3
"six",1,0,1,2,1,1,3,3,0,0,1,0,0,1,2,4,1,1,0,1,1,0,1,0,0,0,0,2,2
"social",0,0,8,7,9,4,6,0,1,0,5,0,0,0,1,10,0,3,0,1,3,0,0,1,1,3,2,2,5
"softwar",24,0,16,0,11,18,0,1,0,0,9,13,0,2,33,7,1,27,4,6,5,1,1,12,6,1,19,10,0
"solut",1,0,26,0,10,8,0,8,2,1,4,2,0,4,10,9,3,2,3,20,2,0,0,1,1,0,17,11,2
"sourc",6,0,10,1,0,12,3,0,1,0,4,3,0,1,4,3,4,6,1,2,0,1,0,1,1,0,14,10,1
"special",3,0,11,26,7,9,7,0,1,0,2,1,4,1,5,2,1,15,3,5,10,1,4,5,6,11,3,6,7
"specif",12,0,10,1,10,8,2,0,0,0,12,4,0,1,17,2,2,10,0,10,11,1,1,3,1,0,4,3,1
"staff",32,0,61,11,35,41,5,0,2,0,45,5,0,15,41,46,9,28,0,13,32,2,4,24,18,11,110,40,6
"staff,",4,0,3,1,1,8,4,0,0,0,1,1,0,0,0,1,1,1,0,0,1,0,1,5,1,0,3,5,3
"standard",10,0,29,7,44,14,1,0,0,0,34,18,2,2,16,6,3,11,7,14,16,1,7,3,2,3,44,22,6
"standards,",1,0,2,1,3,4,0,0,0,0,10,1,0,1,2,0,0,1,1,1,2,1,0,0,0,1,5,3,2
"state",3,0,20,3,10,16,11,3,1,1,13,5,0,9,20,11,1,5,1,5,20,11,2,5,2,3,30,28,9
"strateg",46,0,14,3,3,17,5,0,2,0,89,7,3,19,11,1,20,12,1,5,14,0,0,2,0,4,23,22,1
"strategi",74,0,15,2,23,13,3,3,3,0,58,63,1,8,12,9,20,19,2,19,3,2,4,5,0,0,36,22,1
"strengthen",6,0,10,7,4,6,5,3,0,0,9,4,0,0,7,5,5,2,2,0,5,6,4,2,2,0,12,14,9
"structur",15,0,71,3,8,12,1,1,0,0,33,11,0,9,7,3,8,30,5,8,4,3,0,4,1,0,28,51,3
"subject",1,0,30,11,2,21,3,0,0,2,8,0,0,1,8,1,1,8,2,4,6,4,7,0,0,6,3,27,1
"submit",5,0,6,8,6,6,5,2,1,1,6,14,0,0,5,10,4,10,3,2,11,3,9,3,10,5,7,7,3
"substant",3,0,2,2,1,4,2,0,0,0,18,1,1,0,5,23,1,5,1,3,2,1,3,1,0,2,19,3,0
"success",15,0,2,0,10,1,3,1,1,0,9,6,0,0,8,2,2,1,2,8,1,0,2,3,0,0,7,7,3
"support",47,0,77,16,69,69,27,10,3,1,70,30,0,54,95,61,19,113,15,26,22,1,6,52,41,7,98,86,17
"support,",2,0,5,0,5,4,0,0,0,0,2,1,0,2,2,3,2,2,0,2,1,0,0,1,2,0,1,3,1
"system",37,0,77,6,62,109,12,24,36,3,42,37,3,10,164,46,9,96,31,86,51,9,14,84,38,3,53,67,9
"system,",3,0,11,0,2,6,3,0,3,0,5,6,0,2,13,7,0,1,3,5,4,1,2,8,13,1,5,8,0
"system.",0,0,6,0,2,7,0,1,1,0,3,1,0,3,21,4,1,2,0,7,4,0,0,5,4,0,3,11,0
"systems,",2,0,4,0,9,9,2,2,4,0,3,4,0,4,5,7,0,4,4,8,3,0,0,5,0,0,9,8,0
"tabl",2,0,17,1,13,21,1,4,1,0,9,1,0,14,16,11,0,26,0,8,14,0,0,13,2,1,16,14,2
"take",4,0,9,27,9,13,12,6,4,2,12,5,0,0,8,9,4,9,8,3,14,6,13,7,2,14,11,10,14
"taken",5,0,5,1,7,0,1,3,4,0,5,7,0,2,7,11,3,15,1,3,12,0,6,1,3,1,12,12,0
"team",1,0,38,2,6,17,0,0,0,0,7,2,0,0,34,2,6,24,0,5,8,0,0,11,11,0,6,20,1
"technic",7,0,21,0,14,17,2,0,3,0,4,4,0,2,15,11,0,9,1,9,9,0,0,1,1,0,8,13,4
"technolog",83,0,87,13,83,131,2,7,4,1,168,70,6,73,42,41,72,104,32,71,25,11,22,22,6,0,89,51,14
"technology,",6,0,11,1,9,6,0,2,2,2,7,7,0,6,0,0,3,2,2,1,1,1,0,6,2,2,7,12,4
"temporari",3,0,18,6,22,47,2,1,5,0,0,1,0,0,9,8,2,2,0,2,11,0,0,11,2,3,7,16,1
"three",7,0,12,2,5,13,1,1,0,0,22,8,1,4,8,17,2,9,0,0,3,0,0,5,2,0,9,5,0
"throughout",4,0,8,0,12,4,4,2,0,0,15,6,0,0,6,7,1,2,2,6,3,1,2,2,0,0,12,5,2
"time",3,0,5,5,20,30,5,12,6,1,38,8,0,0,26,16,2,9,3,13,23,2,6,7,3,1,38,32,2
"time,",2,0,4,0,2,2,1,1,0,0,4,0,0,0,3,3,1,1,0,1,3,1,1,1,2,0,6,4,1
"tool",2,0,8,0,13,3,2,0,0,0,17,4,0,4,6,0,1,7,0,0,12,0,1,2,1,0,53,13,2
"total",6,0,21,5,22,28,4,7,5,0,3,4,0,17,39,18,2,22,2,9,11,2,4,10,4,3,33,40,2
"toward",0,0,6,0,4,3,1,0,1,0,5,3,0,0,1,3,2,4,1,4,1,1,0,0,0,0,15,5,2
"train",1,0,3,0,16,30,6,0,0,0,3,0,0,1,13,1,2,6,1,10,10,0,0,4,7,0,10,28,8
"transit",1,0,0,0,1,2,4,1,0,0,2,3,0,0,11,4,1,3,0,4,3,1,1,1,0,4,4,5,1
"travel",0,0,4,1,12,15,0,0,0,0,4,0,2,10,6,4,1,6,0,1,8,0,16,3,0,1,19,16,1
"two",6,0,14,2,17,14,1,0,1,0,13,3,0,1,11,39,2,10,0,3,1,1,0,9,6,0,29,17,5
"undertaken",9,0,7,1,7,2,1,3,0,0,1,2,0,0,7,1,1,0,0,0,1,0,1,4,0,0,2,9,1
"unifi",2,0,7,2,22,11,2,1,2,2,1,1,0,0,1,7,0,1,3,1,1,0,0,1,0,0,2,7,0
"unit",113,0,127,35,77,75,61,20,16,6,149,59,11,29,61,175,29,108,39,77,89,20,48,55,37,37,119,83,63
"updat",2,0,17,0,11,11,0,0,0,0,2,6,0,1,4,1,1,30,4,1,2,0,2,1,1,0,8,15,2
"upon",2,0,7,0,8,20,2,0,5,0,15,2,0,0,3,5,2,14,0,2,13,0,0,6,10,0,5,11,1
"use",26,0,40,9,50,19,8,10,7,1,14,9,1,0,25,41,2,20,10,8,11,6,17,9,4,2,58,17,12
"util",4,0,6,3,4,9,2,7,2,3,9,3,0,0,8,12,0,6,4,2,3,7,2,3,0,0,8,5,2
"various",7,0,5,0,12,10,0,1,2,0,2,2,0,6,3,7,0,3,1,1,4,0,1,2,5,0,13,3,0
"view",9,0,26,4,8,18,5,3,4,0,6,13,0,0,2,2,1,22,1,5,14,4,2,4,1,0,5,19,4
"way",4,0,3,1,2,0,3,0,0,0,7,0,1,0,5,5,0,1,1,4,2,1,1,1,0,0,5,3,1
"well",9,0,39,8,16,36,6,0,8,0,8,21,0,7,14,11,9,31,5,6,11,8,11,6,6,4,17,28,5
"will",32,0,42,6,183,55,3,25,5,0,184,24,0,23,149,119,12,50,3,43,61,3,2,43,10,1,384,80,5
"within",11,0,10,6,6,12,3,4,1,1,16,9,1,5,12,28,3,12,7,7,13,5,4,12,5,0,21,24,7
"without",6,0,3,3,3,3,5,0,1,0,3,2,0,0,3,4,1,1,0,4,6,2,6,3,1,1,5,11,6
"work",15,0,21,4,63,36,12,3,0,1,37,5,2,8,20,12,6,10,4,3,23,7,15,11,4,2,34,19,5
"year",1,0,3,1,7,10,1,0,1,0,6,2,0,1,3,6,1,8,0,7,0,1,0,1,1,0,21,1,2
